<?xml version="1.0" encoding="UTF-8"?>
<project-private xmlns="http://www.netbeans.org/ns/project-private/1">
    <editor-bookmarks xmlns="http://www.netbeans.org/ns/editor-bookmarks/2" lastBookmarkId="0"/>
    <open-files xmlns="http://www.netbeans.org/ns/projectui-open-files/2">
        <group>
            <file>file:/C:/Users/Dell/OneDrive/Documents/NetBeansProjects/Traffic%20Management%20System/src/traffic/management/system/AddPerson.java</file>
            <file>file:/C:/Users/Dell/OneDrive/Documents/NetBeansProjects/Traffic%20Management%20System/src/traffic/management/system/Logi.java</file>
            <file>file:/C:/Users/Dell/OneDrive/Documents/NetBeansProjects/Traffic%20Management%20System/src/traffic/management/system/Information2.java</file>
            <file>file:/C:/Users/Dell/OneDrive/Documents/NetBeansProjects/Traffic%20Management%20System/src/traffic/management/system/Information.java</file>
            <file>file:/C:/Users/Dell/OneDrive/Documents/NetBeansProjects/Traffic%20Management%20System/src/traffic/management/system/Challan.java</file>
            <file>file:/C:/Users/Dell/OneDrive/Documents/NetBeansProjects/Traffic%20Management%20System/src/traffic/management/system/Dashboard.java</file>
            <file>file:/C:/Users/Dell/OneDrive/Documents/NetBeansProjects/Traffic%20Management%20System/src/traffic/management/system/ToedVehicles.java</file>
            <file>file:/C:/Users/Dell/OneDrive/Documents/NetBeansProjects/Traffic%20Management%20System/src/traffic/management/system/podinfo.java</file>
            <file>file:/C:/Users/Dell/OneDrive/Documents/NetBeansProjects/Traffic%20Management%20System/src/traffic/management/system/Conn.java</file>
            <file>file:/C:/Users/Dell/OneDrive/Documents/NetBeansProjects/Traffic%20Management%20System/src/traffic/management/system/Vinfo.java</file>
            <file>file:/C:/Users/Dell/OneDrive/Documents/NetBeansProjects/Traffic%20Management%20System/src/traffic/management/system/Login.java</file>
            <file>file:/C:/Users/Dell/OneDrive/Documents/NetBeansProjects/Traffic%20Management%20System/src/traffic/management/system/bullshit.java</file>
            <file>file:/C:/Users/Dell/OneDrive/Documents/NetBeansProjects/Traffic%20Management%20System/src/traffic/management/system/cinfo.java</file>
            <file>file:/C:/Users/Dell/OneDrive/Documents/NetBeansProjects/Traffic%20Management%20System/src/traffic/management/system/home.java</file>
        </group>
    </open-files>
</project-private>
